hand,bankroll,session
0,400.0,1
1,500.0,1
2,500.0,1
3,600.0,1
4,700.0,1
5,750.0,1
6,725.0,1
7,775.0,1
8,725.0,1
9,575.0,1
10,475.0,1
11,425.0,1
12,325.0,1
13,275.0,1
14,225.0,1
15,175.0,1
16,75.0,1
17,25.0,1
18,25.0,1
19,0.0,1
0,400.0,2
1,350.0,2
2,400.0,2
3,400.0,2
4,450.0,2
5,400.0,2
6,350.0,2
7,300.0,2
8,350.0,2
9,400.0,2
10,400.0,2
11,350.0,2
12,300.0,2
13,350.0,2
14,350.0,2
15,425.0,2
16,375.0,2
17,325.0,2
18,300.0,2
19,350.0,2
20,400.0,2
21,450.0,2
22,400.0,2
23,400.0,2
24,475.0,2
25,475.0,2
26,525.0,2
27,500.0,2
28,475.0,2
29,525.0,2
30,475.0,2
31,425.0,2
32,475.0,2
33,575.0,2
34,625.0,2
35,675.0,2
36,625.0,2
37,700.0,2
38,600.0,2
39,650.0,2
40,650.0,2
41,600.0,2
42,550.0,2
43,700.0,2
44,650.0,2
45,600.0,2
46,550.0,2
47,600.0,2
48,700.0,2
49,700.0,2
50,700.0,2
51,750.0,2
52,700.0,2
53,750.0,2
54,700.0,2
55,750.0,2
56,700.0,2
57,650.0,2
58,750.0,2
59,700.0,2
60,675.0,2
61,625.0,2
62,625.0,2
63,625.0,2
64,575.0,2
65,575.0,2
66,725.0,2
67,775.0,2
68,825.0,2
0,400.0,3
1,450.0,3
2,400.0,3
3,450.0,3
4,400.0,3
5,350.0,3
6,300.0,3
7,350.0,3
8,300.0,3
9,350.0,3
10,425.0,3
11,400.0,3
12,350.0,3
13,300.0,3
14,250.0,3
15,300.0,3
16,300.0,3
17,250.0,3
18,200.0,3
19,175.0,3
20,175.0,3
21,225.0,3
22,175.0,3
23,125.0,3
24,175.0,3
25,225.0,3
26,175.0,3
27,125.0,3
28,175.0,3
29,175.0,3
30,125.0,3
31,225.0,3
32,200.0,3
33,250.0,3
34,200.0,3
35,100.0,3
36,150.0,3
37,100.0,3
38,200.0,3
39,150.0,3
40,100.0,3
41,50.0,3
42,0.0,3
0,400.0,4
1,450.0,4
2,400.0,4
3,400.0,4
4,400.0,4
5,350.0,4
6,325.0,4
7,275.0,4
8,325.0,4
9,275.0,4
10,225.0,4
11,275.0,4
12,325.0,4
13,275.0,4
14,250.0,4
15,300.0,4
16,350.0,4
17,325.0,4
18,375.0,4
19,325.0,4
20,300.0,4
21,350.0,4
22,300.0,4
23,350.0,4
24,400.0,4
25,450.0,4
26,400.0,4
27,450.0,4
28,500.0,4
29,550.0,4
30,550.0,4
31,600.0,4
32,550.0,4
33,450.0,4
34,500.0,4
35,450.0,4
36,500.0,4
37,450.0,4
38,500.0,4
39,450.0,4
40,550.0,4
41,600.0,4
42,500.0,4
43,550.0,4
44,500.0,4
45,600.0,4
46,550.0,4
47,500.0,4
48,475.0,4
49,525.0,4
50,475.0,4
51,425.0,4
52,475.0,4
53,425.0,4
54,375.0,4
55,325.0,4
56,275.0,4
57,325.0,4
58,300.0,4
59,250.0,4
60,200.0,4
61,150.0,4
62,200.0,4
63,350.0,4
64,300.0,4
65,350.0,4
66,300.0,4
67,250.0,4
68,250.0,4
69,150.0,4
70,100.0,4
71,150.0,4
72,150.0,4
73,150.0,4
74,200.0,4
75,150.0,4
76,250.0,4
77,300.0,4
78,275.0,4
79,325.0,4
80,425.0,4
81,425.0,4
82,375.0,4
83,325.0,4
84,325.0,4
85,275.0,4
86,325.0,4
87,375.0,4
88,325.0,4
89,325.0,4
90,375.0,4
91,425.0,4
92,425.0,4
93,375.0,4
94,375.0,4
95,425.0,4
96,375.0,4
97,325.0,4
98,275.0,4
99,375.0,4
100,325.0,4
101,400.0,4
102,400.0,4
103,450.0,4
104,350.0,4
105,400.0,4
106,450.0,4
107,500.0,4
108,550.0,4
109,600.0,4
110,550.0,4
111,600.0,4
112,650.0,4
113,625.0,4
114,675.0,4
115,725.0,4
116,675.0,4
117,775.0,4
118,725.0,4
119,775.0,4
120,825.0,4
0,400.0,5
1,350.0,5
2,300.0,5
3,250.0,5
4,200.0,5
5,150.0,5
6,100.0,5
7,100.0,5
8,50.0,5
9,50.0,5
10,0.0,5
0,400.0,6
1,375.0,6
2,425.0,6
3,475.0,6
4,425.0,6
5,475.0,6
6,425.0,6
7,325.0,6
8,275.0,6
9,275.0,6
10,225.0,6
11,175.0,6
12,125.0,6
13,75.0,6
14,25.0,6
15,50.0,6
16,0.0,6
0,400.0,7
1,475.0,7
2,475.0,7
3,450.0,7
4,450.0,7
5,450.0,7
6,400.0,7
7,350.0,7
8,300.0,7
9,250.0,7
10,200.0,7
11,300.0,7
12,250.0,7
13,200.0,7
14,175.0,7
15,225.0,7
16,275.0,7
17,275.0,7
18,225.0,7
19,375.0,7
20,275.0,7
21,175.0,7
22,125.0,7
23,25.0,7
24,50.0,7
25,0.0,7
0,400.0,8
1,350.0,8
2,300.0,8
3,350.0,8
4,450.0,8
5,450.0,8
6,400.0,8
7,375.0,8
8,425.0,8
9,475.0,8
10,425.0,8
11,375.0,8
12,475.0,8
13,525.0,8
14,625.0,8
15,725.0,8
16,775.0,8
17,775.0,8
18,725.0,8
19,775.0,8
20,825.0,8
0,400.0,9
1,350.0,9
2,300.0,9
3,400.0,9
4,300.0,9
5,350.0,9
6,400.0,9
7,450.0,9
8,600.0,9
9,700.0,9
10,700.0,9
11,750.0,9
12,700.0,9
13,675.0,9
14,725.0,9
15,675.0,9
16,725.0,9
17,675.0,9
18,625.0,9
19,575.0,9
20,475.0,9
21,525.0,9
22,475.0,9
23,525.0,9
24,475.0,9
25,425.0,9
26,475.0,9
27,525.0,9
28,475.0,9
29,525.0,9
30,600.0,9
31,550.0,9
32,550.0,9
33,500.0,9
34,550.0,9
35,500.0,9
36,600.0,9
37,675.0,9
38,625.0,9
39,675.0,9
40,725.0,9
41,775.0,9
42,825.0,9
0,400.0,10
1,350.0,10
2,300.0,10
3,250.0,10
4,300.0,10
5,400.0,10
6,450.0,10
7,400.0,10
8,500.0,10
9,450.0,10
10,500.0,10
11,550.0,10
12,500.0,10
13,450.0,10
14,500.0,10
15,450.0,10
16,400.0,10
17,375.0,10
18,375.0,10
19,425.0,10
20,375.0,10
21,275.0,10
22,275.0,10
23,325.0,10
24,375.0,10
25,325.0,10
26,375.0,10
27,325.0,10
28,275.0,10
29,225.0,10
30,275.0,10
31,375.0,10
32,325.0,10
33,375.0,10
34,425.0,10
35,475.0,10
36,525.0,10
37,475.0,10
38,425.0,10
39,525.0,10
40,575.0,10
41,575.0,10
42,625.0,10
43,675.0,10
44,725.0,10
45,675.0,10
46,725.0,10
47,675.0,10
48,625.0,10
49,675.0,10
50,675.0,10
51,625.0,10
52,675.0,10
53,725.0,10
54,775.0,10
55,850.0,10
0,400.0,11
1,350.0,11
2,300.0,11
3,250.0,11
4,200.0,11
5,150.0,11
6,100.0,11
7,150.0,11
8,200.0,11
9,300.0,11
10,250.0,11
11,200.0,11
12,150.0,11
13,100.0,11
14,175.0,11
15,125.0,11
16,75.0,11
17,125.0,11
18,25.0,11
19,0.0,11
0,400.0,12
1,350.0,12
2,300.0,12
3,350.0,12
4,400.0,12
5,350.0,12
6,400.0,12
7,450.0,12
8,400.0,12
9,450.0,12
10,400.0,12
11,450.0,12
12,550.0,12
13,600.0,12
14,550.0,12
15,600.0,12
16,575.0,12
17,625.0,12
18,525.0,12
19,575.0,12
20,525.0,12
21,475.0,12
22,525.0,12
23,575.0,12
24,650.0,12
25,700.0,12
26,800.0,12
0,400.0,13
1,450.0,13
2,400.0,13
3,350.0,13
4,300.0,13
5,350.0,13
6,400.0,13
7,400.0,13
8,350.0,13
9,400.0,13
10,300.0,13
11,250.0,13
12,200.0,13
13,250.0,13
14,300.0,13
15,250.0,13
16,300.0,13
17,275.0,13
18,325.0,13
19,375.0,13
20,425.0,13
21,475.0,13
22,525.0,13
23,475.0,13
24,525.0,13
25,600.0,13
26,550.0,13
27,500.0,13
28,450.0,13
29,500.0,13
30,550.0,13
31,600.0,13
32,650.0,13
33,700.0,13
34,650.0,13
35,700.0,13
36,750.0,13
37,700.0,13
38,700.0,13
39,675.0,13
40,675.0,13
41,625.0,13
42,575.0,13
43,650.0,13
44,600.0,13
45,650.0,13
46,600.0,13
47,575.0,13
48,525.0,13
49,475.0,13
50,425.0,13
51,500.0,13
52,600.0,13
53,550.0,13
54,500.0,13
55,550.0,13
56,500.0,13
57,450.0,13
58,400.0,13
59,400.0,13
60,450.0,13
61,500.0,13
62,550.0,13
63,600.0,13
64,550.0,13
65,550.0,13
66,500.0,13
67,575.0,13
68,625.0,13
69,575.0,13
70,575.0,13
71,525.0,13
72,575.0,13
73,525.0,13
74,425.0,13
75,425.0,13
76,475.0,13
77,450.0,13
78,500.0,13
79,450.0,13
80,350.0,13
81,300.0,13
82,350.0,13
83,400.0,13
84,450.0,13
85,400.0,13
86,350.0,13
87,300.0,13
88,400.0,13
89,350.0,13
90,400.0,13
91,350.0,13
92,300.0,13
93,275.0,13
94,325.0,13
95,275.0,13
96,375.0,13
97,325.0,13
98,375.0,13
99,325.0,13
100,400.0,13
101,400.0,13
102,400.0,13
103,450.0,13
104,425.0,13
105,375.0,13
106,350.0,13
107,400.0,13
108,350.0,13
109,300.0,13
110,350.0,13
111,425.0,13
112,475.0,13
113,425.0,13
114,425.0,13
115,425.0,13
116,375.0,13
117,425.0,13
118,375.0,13
119,325.0,13
120,375.0,13
121,375.0,13
122,425.0,13
123,375.0,13
124,325.0,13
125,275.0,13
126,225.0,13
127,275.0,13
128,375.0,13
129,425.0,13
130,500.0,13
131,450.0,13
132,400.0,13
133,350.0,13
134,300.0,13
135,250.0,13
136,200.0,13
137,200.0,13
138,100.0,13
139,50.0,13
140,0.0,13
0,400.0,14
1,450.0,14
2,400.0,14
3,350.0,14
4,400.0,14
5,350.0,14
6,400.0,14
7,450.0,14
8,400.0,14
9,400.0,14
10,350.0,14
11,400.0,14
12,450.0,14
13,500.0,14
14,450.0,14
15,400.0,14
16,450.0,14
17,500.0,14
18,450.0,14
19,500.0,14
20,550.0,14
21,500.0,14
22,450.0,14
23,450.0,14
24,500.0,14
25,400.0,14
26,450.0,14
27,500.0,14
28,550.0,14
29,500.0,14
30,475.0,14
31,425.0,14
32,475.0,14
33,425.0,14
34,500.0,14
35,575.0,14
36,625.0,14
37,675.0,14
38,700.0,14
39,650.0,14
40,700.0,14
41,650.0,14
42,700.0,14
43,800.0,14
0,400.0,15
1,400.0,15
2,350.0,15
3,400.0,15
4,400.0,15
5,475.0,15
6,525.0,15
7,575.0,15
8,650.0,15
9,600.0,15
10,650.0,15
11,600.0,15
12,500.0,15
13,500.0,15
14,550.0,15
15,650.0,15
16,700.0,15
17,750.0,15
18,800.0,15
0,400.0,16
1,450.0,16
2,500.0,16
3,400.0,16
4,350.0,16
5,400.0,16
6,450.0,16
7,500.0,16
8,450.0,16
9,350.0,16
10,300.0,16
11,400.0,16
12,350.0,16
13,350.0,16
14,300.0,16
15,275.0,16
16,325.0,16
17,325.0,16
18,275.0,16
19,225.0,16
20,125.0,16
21,175.0,16
22,225.0,16
23,175.0,16
24,75.0,16
25,125.0,16
26,175.0,16
27,175.0,16
28,125.0,16
29,75.0,16
30,150.0,16
31,200.0,16
32,250.0,16
33,200.0,16
34,250.0,16
35,200.0,16
36,250.0,16
37,350.0,16
38,425.0,16
39,375.0,16
40,325.0,16
41,275.0,16
42,275.0,16
43,250.0,16
44,200.0,16
45,250.0,16
46,150.0,16
47,125.0,16
48,225.0,16
49,275.0,16
50,225.0,16
51,175.0,16
52,225.0,16
53,225.0,16
54,275.0,16
55,275.0,16
56,225.0,16
57,225.0,16
58,175.0,16
59,75.0,16
60,75.0,16
61,25.0,16
62,0.0,16
0,400.0,17
1,450.0,17
2,400.0,17
3,350.0,17
4,300.0,17
5,400.0,17
6,375.0,17
7,425.0,17
8,400.0,17
9,350.0,17
10,400.0,17
11,350.0,17
12,400.0,17
13,350.0,17
14,400.0,17
15,400.0,17
16,350.0,17
17,300.0,17
18,350.0,17
19,350.0,17
20,300.0,17
21,300.0,17
22,350.0,17
23,400.0,17
24,450.0,17
25,550.0,17
26,600.0,17
27,550.0,17
28,600.0,17
29,600.0,17
30,550.0,17
31,600.0,17
32,700.0,17
33,650.0,17
34,725.0,17
35,675.0,17
36,625.0,17
37,675.0,17
38,750.0,17
39,700.0,17
40,700.0,17
41,600.0,17
42,550.0,17
43,600.0,17
44,550.0,17
45,600.0,17
46,550.0,17
47,600.0,17
48,575.0,17
49,625.0,17
50,675.0,17
51,575.0,17
52,625.0,17
53,575.0,17
54,525.0,17
55,475.0,17
56,525.0,17
57,575.0,17
58,550.0,17
59,500.0,17
60,450.0,17
61,400.0,17
62,400.0,17
63,450.0,17
64,500.0,17
65,450.0,17
66,400.0,17
67,450.0,17
68,400.0,17
69,350.0,17
70,300.0,17
71,250.0,17
72,200.0,17
73,150.0,17
74,200.0,17
75,250.0,17
76,300.0,17
77,250.0,17
78,200.0,17
79,150.0,17
80,50.0,17
81,100.0,17
82,50.0,17
83,100.0,17
84,50.0,17
85,0.0,17
0,400.0,18
1,350.0,18
2,300.0,18
3,250.0,18
4,300.0,18
5,250.0,18
6,250.0,18
7,200.0,18
8,250.0,18
9,250.0,18
10,200.0,18
11,250.0,18
12,300.0,18
13,250.0,18
14,200.0,18
15,300.0,18
16,250.0,18
17,200.0,18
18,200.0,18
19,150.0,18
20,125.0,18
21,200.0,18
22,150.0,18
23,150.0,18
24,100.0,18
25,150.0,18
26,200.0,18
27,150.0,18
28,50.0,18
29,0.0,18
0,400.0,19
1,350.0,19
2,400.0,19
3,500.0,19
4,450.0,19
5,500.0,19
6,600.0,19
7,700.0,19
8,675.0,19
9,625.0,19
10,575.0,19
11,550.0,19
12,600.0,19
13,650.0,19
14,700.0,19
15,600.0,19
16,550.0,19
17,500.0,19
18,550.0,19
19,625.0,19
20,675.0,19
21,675.0,19
22,625.0,19
23,675.0,19
24,625.0,19
25,575.0,19
26,625.0,19
27,675.0,19
28,750.0,19
29,800.0,19
0,400.0,20
1,375.0,20
2,325.0,20
3,275.0,20
4,225.0,20
5,225.0,20
6,275.0,20
7,225.0,20
8,275.0,20
9,225.0,20
10,275.0,20
11,225.0,20
12,300.0,20
13,250.0,20
14,300.0,20
15,250.0,20
16,225.0,20
17,175.0,20
18,125.0,20
19,75.0,20
20,150.0,20
21,50.0,20
22,0.0,20
0,400.0,21
1,350.0,21
2,400.0,21
3,450.0,21
4,550.0,21
5,500.0,21
6,550.0,21
7,600.0,21
8,575.0,21
9,625.0,21
10,675.0,21
11,725.0,21
12,725.0,21
13,775.0,21
14,750.0,21
15,700.0,21
16,650.0,21
17,700.0,21
18,750.0,21
19,850.0,21
0,400.0,22
1,350.0,22
2,400.0,22
3,350.0,22
4,300.0,22
5,250.0,22
6,300.0,22
7,250.0,22
8,200.0,22
9,250.0,22
10,200.0,22
11,250.0,22
12,200.0,22
13,150.0,22
14,250.0,22
15,200.0,22
16,150.0,22
17,250.0,22
18,300.0,22
19,350.0,22
20,300.0,22
21,400.0,22
22,300.0,22
23,250.0,22
24,300.0,22
25,350.0,22
26,300.0,22
27,350.0,22
28,300.0,22
29,350.0,22
30,400.0,22
31,350.0,22
32,300.0,22
33,250.0,22
34,300.0,22
35,250.0,22
36,150.0,22
37,100.0,22
38,50.0,22
39,0.0,22
0,400.0,23
1,350.0,23
2,425.0,23
3,425.0,23
4,375.0,23
5,325.0,23
6,275.0,23
7,325.0,23
8,375.0,23
9,325.0,23
10,275.0,23
11,325.0,23
12,275.0,23
13,225.0,23
14,175.0,23
15,175.0,23
16,125.0,23
17,225.0,23
18,175.0,23
19,75.0,23
20,125.0,23
21,175.0,23
22,175.0,23
23,150.0,23
24,100.0,23
25,150.0,23
26,250.0,23
27,200.0,23
28,100.0,23
29,50.0,23
30,0.0,23
0,400.0,24
1,450.0,24
2,500.0,24
3,550.0,24
4,650.0,24
5,600.0,24
6,650.0,24
7,600.0,24
8,550.0,24
9,600.0,24
10,550.0,24
11,600.0,24
12,650.0,24
13,700.0,24
14,650.0,24
15,600.0,24
16,650.0,24
17,600.0,24
18,550.0,24
19,600.0,24
20,550.0,24
21,500.0,24
22,400.0,24
23,500.0,24
24,500.0,24
25,450.0,24
26,500.0,24
27,450.0,24
28,525.0,24
29,475.0,24
30,525.0,24
31,575.0,24
32,625.0,24
33,675.0,24
34,625.0,24
35,575.0,24
36,575.0,24
37,525.0,24
38,475.0,24
39,425.0,24
40,375.0,24
41,425.0,24
42,375.0,24
43,475.0,24
44,475.0,24
45,425.0,24
46,375.0,24
47,425.0,24
48,375.0,24
49,325.0,24
50,375.0,24
51,425.0,24
52,475.0,24
53,525.0,24
54,475.0,24
55,375.0,24
56,525.0,24
57,475.0,24
58,375.0,24
59,275.0,24
60,225.0,24
61,175.0,24
62,125.0,24
63,75.0,24
64,25.0,24
65,50.0,24
66,100.0,24
67,100.0,24
68,50.0,24
69,0.0,24
0,400.0,25
1,350.0,25
2,250.0,25
3,200.0,25
4,150.0,25
5,200.0,25
6,150.0,25
7,150.0,25
8,100.0,25
9,75.0,25
10,25.0,25
11,0.0,25
0,400.0,26
1,350.0,26
2,250.0,26
3,200.0,26
4,150.0,26
5,200.0,26
6,250.0,26
7,300.0,26
8,350.0,26
9,325.0,26
10,325.0,26
11,275.0,26
12,375.0,26
13,275.0,26
14,325.0,26
15,275.0,26
16,225.0,26
17,200.0,26
18,250.0,26
19,325.0,26
20,275.0,26
21,225.0,26
22,225.0,26
23,275.0,26
24,225.0,26
25,325.0,26
26,275.0,26
27,325.0,26
28,275.0,26
29,375.0,26
30,325.0,26
31,375.0,26
32,325.0,26
33,375.0,26
34,325.0,26
35,375.0,26
36,375.0,26
37,350.0,26
38,300.0,26
39,250.0,26
40,300.0,26
41,350.0,26
42,350.0,26
43,400.0,26
44,300.0,26
45,250.0,26
46,200.0,26
47,250.0,26
48,350.0,26
49,400.0,26
50,300.0,26
51,350.0,26
52,300.0,26
53,350.0,26
54,300.0,26
55,250.0,26
56,300.0,26
57,350.0,26
58,400.0,26
59,375.0,26
60,375.0,26
61,325.0,26
62,275.0,26
63,325.0,26
64,300.0,26
65,250.0,26
66,250.0,26
67,200.0,26
68,200.0,26
69,150.0,26
70,100.0,26
71,175.0,26
72,125.0,26
73,175.0,26
74,225.0,26
75,175.0,26
76,225.0,26
77,275.0,26
78,325.0,26
79,300.0,26
80,350.0,26
81,300.0,26
82,250.0,26
83,200.0,26
84,250.0,26
85,200.0,26
86,150.0,26
87,100.0,26
88,100.0,26
89,100.0,26
90,150.0,26
91,100.0,26
92,50.0,26
93,0.0,26
0,400.0,27
1,350.0,27
2,300.0,27
3,350.0,27
4,300.0,27
5,250.0,27
6,350.0,27
7,400.0,27
8,350.0,27
9,325.0,27
10,375.0,27
11,325.0,27
12,425.0,27
13,475.0,27
14,425.0,27
15,475.0,27
16,425.0,27
17,500.0,27
18,475.0,27
19,425.0,27
20,475.0,27
21,425.0,27
22,375.0,27
23,425.0,27
24,525.0,27
25,475.0,27
26,575.0,27
27,525.0,27
28,525.0,27
29,575.0,27
30,525.0,27
31,500.0,27
32,550.0,27
33,650.0,27
34,650.0,27
35,600.0,27
36,675.0,27
37,650.0,27
38,600.0,27
39,650.0,27
40,600.0,27
41,550.0,27
42,500.0,27
43,475.0,27
44,525.0,27
45,575.0,27
46,625.0,27
47,675.0,27
48,675.0,27
49,725.0,27
50,700.0,27
51,650.0,27
52,650.0,27
53,700.0,27
54,650.0,27
55,600.0,27
56,550.0,27
57,500.0,27
58,500.0,27
59,450.0,27
60,400.0,27
61,450.0,27
62,400.0,27
63,450.0,27
64,500.0,27
65,550.0,27
66,650.0,27
67,500.0,27
68,450.0,27
69,500.0,27
70,450.0,27
71,400.0,27
72,450.0,27
73,400.0,27
74,450.0,27
75,500.0,27
76,600.0,27
77,550.0,27
78,600.0,27
79,700.0,27
80,750.0,27
81,800.0,27
0,400.0,28
1,350.0,28
2,325.0,28
3,325.0,28
4,375.0,28
5,425.0,28
6,475.0,28
7,525.0,28
8,575.0,28
9,675.0,28
10,625.0,28
11,675.0,28
12,625.0,28
13,575.0,28
14,525.0,28
15,475.0,28
16,525.0,28
17,575.0,28
18,525.0,28
19,575.0,28
20,550.0,28
21,600.0,28
22,550.0,28
23,550.0,28
24,525.0,28
25,575.0,28
26,525.0,28
27,425.0,28
28,375.0,28
29,375.0,28
30,350.0,28
31,250.0,28
32,300.0,28
33,250.0,28
34,350.0,28
35,300.0,28
36,375.0,28
37,275.0,28
38,225.0,28
39,275.0,28
40,350.0,28
41,450.0,28
42,400.0,28
43,450.0,28
44,400.0,28
45,450.0,28
46,400.0,28
47,450.0,28
48,400.0,28
49,350.0,28
50,300.0,28
51,250.0,28
52,250.0,28
53,200.0,28
54,200.0,28
55,250.0,28
56,200.0,28
57,200.0,28
58,250.0,28
59,250.0,28
60,200.0,28
61,275.0,28
62,275.0,28
63,275.0,28
64,225.0,28
65,375.0,28
66,425.0,28
67,325.0,28
68,275.0,28
69,175.0,28
70,150.0,28
71,125.0,28
72,175.0,28
73,175.0,28
74,125.0,28
75,75.0,28
76,25.0,28
77,0.0,28
0,400.0,29
1,450.0,29
2,500.0,29
3,475.0,29
4,525.0,29
5,575.0,29
6,775.0,29
7,725.0,29
8,625.0,29
9,675.0,29
10,725.0,29
11,675.0,29
12,725.0,29
13,775.0,29
14,850.0,29
0,400.0,30
1,350.0,30
2,450.0,30
3,400.0,30
4,450.0,30
5,400.0,30
6,350.0,30
7,400.0,30
8,450.0,30
9,550.0,30
10,500.0,30
11,550.0,30
12,600.0,30
13,650.0,30
14,625.0,30
15,575.0,30
16,625.0,30
17,575.0,30
18,525.0,30
19,525.0,30
20,525.0,30
21,475.0,30
22,525.0,30
23,475.0,30
24,425.0,30
25,475.0,30
26,425.0,30
27,375.0,30
28,350.0,30
29,400.0,30
30,350.0,30
31,300.0,30
32,350.0,30
33,450.0,30
34,500.0,30
35,450.0,30
36,500.0,30
37,475.0,30
38,450.0,30
39,500.0,30
40,450.0,30
41,525.0,30
42,575.0,30
43,425.0,30
44,375.0,30
45,425.0,30
46,425.0,30
47,525.0,30
48,575.0,30
49,625.0,30
50,575.0,30
51,550.0,30
52,500.0,30
53,550.0,30
54,600.0,30
55,550.0,30
56,500.0,30
57,450.0,30
58,400.0,30
59,350.0,30
60,300.0,30
61,350.0,30
62,400.0,30
63,450.0,30
64,550.0,30
65,500.0,30
66,550.0,30
67,500.0,30
68,550.0,30
69,600.0,30
70,550.0,30
71,600.0,30
72,550.0,30
73,650.0,30
74,600.0,30
75,675.0,30
76,625.0,30
77,675.0,30
78,650.0,30
79,650.0,30
80,700.0,30
81,650.0,30
82,700.0,30
83,650.0,30
84,700.0,30
85,750.0,30
86,725.0,30
87,775.0,30
88,725.0,30
89,775.0,30
90,825.0,30
0,400.0,31
1,300.0,31
2,250.0,31
3,300.0,31
4,350.0,31
5,300.0,31
6,350.0,31
7,300.0,31
8,350.0,31
9,325.0,31
10,375.0,31
11,525.0,31
12,475.0,31
13,425.0,31
14,475.0,31
15,525.0,31
16,575.0,31
17,625.0,31
18,575.0,31
19,475.0,31
20,525.0,31
21,500.0,31
22,475.0,31
23,425.0,31
24,375.0,31
25,275.0,31
26,325.0,31
27,300.0,31
28,350.0,31
29,300.0,31
30,350.0,31
31,300.0,31
32,250.0,31
33,300.0,31
34,250.0,31
35,300.0,31
36,400.0,31
37,450.0,31
38,400.0,31
39,350.0,31
40,300.0,31
41,275.0,31
42,325.0,31
43,325.0,31
44,275.0,31
45,325.0,31
46,275.0,31
47,250.0,31
48,300.0,31
49,250.0,31
50,250.0,31
51,150.0,31
52,150.0,31
53,200.0,31
54,150.0,31
55,100.0,31
56,50.0,31
57,50.0,31
58,0.0,31
0,400.0,32
1,500.0,32
2,475.0,32
3,525.0,32
4,425.0,32
5,375.0,32
6,325.0,32
7,225.0,32
8,75.0,32
9,25.0,32
10,50.0,32
11,100.0,32
12,50.0,32
13,0.0,32
0,400.0,33
1,350.0,33
2,300.0,33
3,350.0,33
4,450.0,33
5,500.0,33
6,450.0,33
7,400.0,33
8,450.0,33
9,500.0,33
10,450.0,33
11,500.0,33
12,550.0,33
13,500.0,33
14,550.0,33
15,450.0,33
16,525.0,33
17,575.0,33
18,525.0,33
19,525.0,33
20,625.0,33
21,675.0,33
22,575.0,33
23,550.0,33
24,550.0,33
25,500.0,33
26,550.0,33
27,500.0,33
28,450.0,33
29,400.0,33
30,450.0,33
31,500.0,33
32,500.0,33
33,550.0,33
34,650.0,33
35,700.0,33
36,650.0,33
37,600.0,33
38,550.0,33
39,600.0,33
40,550.0,33
41,500.0,33
42,550.0,33
43,600.0,33
44,550.0,33
45,600.0,33
46,600.0,33
47,650.0,33
48,550.0,33
49,500.0,33
50,450.0,33
51,500.0,33
52,450.0,33
53,400.0,33
54,350.0,33
55,400.0,33
56,350.0,33
57,300.0,33
58,350.0,33
59,300.0,33
60,250.0,33
61,200.0,33
62,150.0,33
63,225.0,33
64,200.0,33
65,250.0,33
66,200.0,33
67,200.0,33
68,150.0,33
69,100.0,33
70,150.0,33
71,100.0,33
72,50.0,33
73,0.0,33
0,400.0,34
1,450.0,34
2,450.0,34
3,500.0,34
4,450.0,34
5,500.0,34
6,450.0,34
7,500.0,34
8,550.0,34
9,500.0,34
10,550.0,34
11,450.0,34
12,500.0,34
13,450.0,34
14,500.0,34
15,400.0,34
16,450.0,34
17,400.0,34
18,375.0,34
19,425.0,34
20,375.0,34
21,325.0,34
22,275.0,34
23,225.0,34
24,275.0,34
25,325.0,34
26,425.0,34
27,375.0,34
28,375.0,34
29,325.0,34
30,400.0,34
31,450.0,34
32,500.0,34
33,550.0,34
34,500.0,34
35,450.0,34
36,400.0,34
37,300.0,34
38,350.0,34
39,400.0,34
40,350.0,34
41,400.0,34
42,300.0,34
43,350.0,34
44,300.0,34
45,250.0,34
46,200.0,34
47,150.0,34
48,100.0,34
49,150.0,34
50,50.0,34
51,0.0,34
0,400.0,35
1,450.0,35
2,450.0,35
3,500.0,35
4,400.0,35
5,375.0,35
6,450.0,35
7,425.0,35
8,325.0,35
9,275.0,35
10,325.0,35
11,400.0,35
12,450.0,35
13,550.0,35
14,550.0,35
15,500.0,35
16,450.0,35
17,500.0,35
18,450.0,35
19,450.0,35
20,450.0,35
21,350.0,35
22,400.0,35
23,450.0,35
24,400.0,35
25,450.0,35
26,425.0,35
27,500.0,35
28,450.0,35
29,350.0,35
30,425.0,35
31,375.0,35
32,425.0,35
33,375.0,35
34,425.0,35
35,475.0,35
36,450.0,35
37,400.0,35
38,450.0,35
39,400.0,35
40,350.0,35
41,250.0,35
42,250.0,35
43,200.0,35
44,250.0,35
45,200.0,35
46,300.0,35
47,250.0,35
48,325.0,35
49,275.0,35
50,225.0,35
51,175.0,35
52,125.0,35
53,75.0,35
54,25.0,35
55,50.0,35
56,0.0,35
0,400.0,36
1,375.0,36
2,325.0,36
3,425.0,36
4,475.0,36
5,475.0,36
6,525.0,36
7,525.0,36
8,575.0,36
9,625.0,36
10,675.0,36
11,625.0,36
12,675.0,36
13,725.0,36
14,725.0,36
15,700.0,36
16,650.0,36
17,600.0,36
18,550.0,36
19,600.0,36
20,650.0,36
21,750.0,36
22,800.0,36
0,400.0,37
1,350.0,37
2,425.0,37
3,475.0,37
4,525.0,37
5,575.0,37
6,575.0,37
7,625.0,37
8,675.0,37
9,625.0,37
10,675.0,37
11,725.0,37
12,775.0,37
13,775.0,37
14,825.0,37
0,400.0,38
1,350.0,38
2,300.0,38
3,350.0,38
4,425.0,38
5,375.0,38
6,425.0,38
7,375.0,38
8,350.0,38
9,300.0,38
10,400.0,38
11,350.0,38
12,400.0,38
13,450.0,38
14,400.0,38
15,450.0,38
16,500.0,38
17,600.0,38
18,550.0,38
19,600.0,38
20,575.0,38
21,675.0,38
22,775.0,38
23,725.0,38
24,675.0,38
25,625.0,38
26,675.0,38
27,625.0,38
28,675.0,38
29,775.0,38
30,675.0,38
31,675.0,38
32,725.0,38
33,775.0,38
34,875.0,38
0,400.0,39
1,350.0,39
2,300.0,39
3,350.0,39
4,400.0,39
5,500.0,39
6,450.0,39
7,400.0,39
8,375.0,39
9,325.0,39
10,275.0,39
11,225.0,39
12,125.0,39
13,200.0,39
14,150.0,39
15,200.0,39
16,150.0,39
17,200.0,39
18,200.0,39
19,150.0,39
20,100.0,39
21,200.0,39
22,150.0,39
23,100.0,39
24,200.0,39
25,150.0,39
26,150.0,39
27,150.0,39
28,250.0,39
29,150.0,39
30,200.0,39
31,275.0,39
32,325.0,39
33,375.0,39
34,350.0,39
35,400.0,39
36,350.0,39
37,300.0,39
38,250.0,39
39,250.0,39
40,250.0,39
41,300.0,39
42,350.0,39
43,400.0,39
44,350.0,39
45,400.0,39
46,350.0,39
47,400.0,39
48,475.0,39
49,525.0,39
50,575.0,39
51,625.0,39
52,575.0,39
53,575.0,39
54,625.0,39
55,675.0,39
56,625.0,39
57,675.0,39
58,625.0,39
59,625.0,39
60,675.0,39
61,675.0,39
62,725.0,39
63,675.0,39
64,625.0,39
65,575.0,39
66,625.0,39
67,675.0,39
68,725.0,39
69,825.0,39
0,400.0,40
1,350.0,40
2,400.0,40
3,400.0,40
4,350.0,40
5,450.0,40
6,525.0,40
7,575.0,40
8,575.0,40
9,475.0,40
10,425.0,40
11,375.0,40
12,425.0,40
13,475.0,40
14,425.0,40
15,400.0,40
16,450.0,40
17,450.0,40
18,400.0,40
19,350.0,40
20,350.0,40
21,400.0,40
22,300.0,40
23,350.0,40
24,300.0,40
25,400.0,40
26,450.0,40
27,400.0,40
28,400.0,40
29,350.0,40
30,450.0,40
31,400.0,40
32,400.0,40
33,300.0,40
34,250.0,40
35,300.0,40
36,250.0,40
37,325.0,40
38,275.0,40
39,250.0,40
40,300.0,40
41,250.0,40
42,200.0,40
43,150.0,40
44,100.0,40
45,50.0,40
46,0.0,40
0,400.0,41
1,450.0,41
2,400.0,41
3,400.0,41
4,400.0,41
5,500.0,41
6,450.0,41
7,450.0,41
8,425.0,41
9,325.0,41
10,325.0,41
11,375.0,41
12,425.0,41
13,475.0,41
14,525.0,41
15,475.0,41
16,475.0,41
17,425.0,41
18,475.0,41
19,425.0,41
20,375.0,41
21,350.0,41
22,200.0,41
23,100.0,41
24,150.0,41
25,125.0,41
26,75.0,41
27,125.0,41
28,175.0,41
29,275.0,41
30,375.0,41
31,325.0,41
32,525.0,41
33,575.0,41
34,625.0,41
35,575.0,41
36,475.0,41
37,425.0,41
38,425.0,41
39,375.0,41
40,375.0,41
41,425.0,41
42,475.0,41
43,450.0,41
44,550.0,41
45,500.0,41
46,450.0,41
47,425.0,41
48,475.0,41
49,425.0,41
50,375.0,41
51,425.0,41
52,375.0,41
53,425.0,41
54,375.0,41
55,375.0,41
56,325.0,41
57,300.0,41
58,350.0,41
59,400.0,41
60,350.0,41
61,300.0,41
62,200.0,41
63,250.0,41
64,200.0,41
65,150.0,41
66,150.0,41
67,200.0,41
68,250.0,41
69,250.0,41
70,200.0,41
71,150.0,41
72,200.0,41
73,200.0,41
74,350.0,41
75,550.0,41
76,600.0,41
77,550.0,41
78,500.0,41
79,450.0,41
80,400.0,41
81,350.0,41
82,400.0,41
83,350.0,41
84,400.0,41
85,350.0,41
86,350.0,41
87,300.0,41
88,250.0,41
89,300.0,41
90,350.0,41
91,400.0,41
92,350.0,41
93,400.0,41
94,300.0,41
95,200.0,41
96,150.0,41
97,150.0,41
98,250.0,41
99,300.0,41
100,250.0,41
101,250.0,41
102,200.0,41
103,150.0,41
104,200.0,41
105,175.0,41
106,225.0,41
107,275.0,41
108,175.0,41
109,225.0,41
110,225.0,41
111,200.0,41
112,250.0,41
113,200.0,41
114,250.0,41
115,250.0,41
116,300.0,41
117,350.0,41
118,400.0,41
119,450.0,41
120,400.0,41
121,350.0,41
122,300.0,41
123,350.0,41
124,400.0,41
125,350.0,41
126,400.0,41
127,350.0,41
128,400.0,41
129,475.0,41
130,525.0,41
131,575.0,41
132,625.0,41
133,575.0,41
134,625.0,41
135,675.0,41
136,725.0,41
137,775.0,41
138,725.0,41
139,775.0,41
140,725.0,41
141,825.0,41
0,400.0,42
1,475.0,42
2,525.0,42
3,475.0,42
4,525.0,42
5,525.0,42
6,500.0,42
7,450.0,42
8,550.0,42
9,600.0,42
10,575.0,42
11,525.0,42
12,575.0,42
13,525.0,42
14,575.0,42
15,525.0,42
16,475.0,42
17,425.0,42
18,500.0,42
19,550.0,42
20,500.0,42
21,500.0,42
22,550.0,42
23,500.0,42
24,550.0,42
25,500.0,42
26,450.0,42
27,500.0,42
28,575.0,42
29,525.0,42
30,475.0,42
31,525.0,42
32,425.0,42
33,375.0,42
34,425.0,42
35,475.0,42
36,475.0,42
37,525.0,42
38,575.0,42
39,575.0,42
40,675.0,42
41,675.0,42
42,625.0,42
43,675.0,42
44,625.0,42
45,575.0,42
46,525.0,42
47,575.0,42
48,525.0,42
49,625.0,42
50,575.0,42
51,625.0,42
52,725.0,42
53,700.0,42
54,750.0,42
55,800.0,42
0,400.0,43
1,550.0,43
2,650.0,43
3,550.0,43
4,525.0,43
5,575.0,43
6,525.0,43
7,625.0,43
8,575.0,43
9,625.0,43
10,675.0,43
11,725.0,43
12,775.0,43
13,875.0,43
0,400.0,44
1,450.0,44
2,350.0,44
3,400.0,44
4,450.0,44
5,400.0,44
6,350.0,44
7,400.0,44
8,350.0,44
9,300.0,44
10,350.0,44
11,300.0,44
12,300.0,44
13,350.0,44
14,300.0,44
15,400.0,44
16,450.0,44
17,500.0,44
18,450.0,44
19,525.0,44
20,425.0,44
21,425.0,44
22,475.0,44
23,375.0,44
24,325.0,44
25,375.0,44
26,325.0,44
27,425.0,44
28,400.0,44
29,450.0,44
30,400.0,44
31,475.0,44
32,425.0,44
33,375.0,44
34,425.0,44
35,375.0,44
36,325.0,44
37,275.0,44
38,350.0,44
39,400.0,44
40,350.0,44
41,400.0,44
42,450.0,44
43,400.0,44
44,350.0,44
45,450.0,44
46,500.0,44
47,450.0,44
48,425.0,44
49,375.0,44
50,425.0,44
51,400.0,44
52,450.0,44
53,400.0,44
54,350.0,44
55,300.0,44
56,300.0,44
57,400.0,44
58,350.0,44
59,400.0,44
60,375.0,44
61,425.0,44
62,375.0,44
63,450.0,44
64,550.0,44
65,600.0,44
66,650.0,44
67,700.0,44
68,750.0,44
69,750.0,44
70,650.0,44
71,600.0,44
72,550.0,44
73,500.0,44
74,450.0,44
75,500.0,44
76,600.0,44
77,575.0,44
78,525.0,44
79,475.0,44
80,450.0,44
81,450.0,44
82,425.0,44
83,475.0,44
84,525.0,44
85,575.0,44
86,525.0,44
87,575.0,44
88,625.0,44
89,575.0,44
90,650.0,44
91,700.0,44
92,675.0,44
93,625.0,44
94,575.0,44
95,575.0,44
96,525.0,44
97,575.0,44
98,525.0,44
99,425.0,44
100,425.0,44
101,375.0,44
102,450.0,44
103,450.0,44
104,500.0,44
105,450.0,44
106,450.0,44
107,400.0,44
108,350.0,44
109,300.0,44
110,250.0,44
111,250.0,44
112,200.0,44
113,250.0,44
114,250.0,44
115,300.0,44
116,275.0,44
117,225.0,44
118,175.0,44
119,125.0,44
120,175.0,44
121,125.0,44
122,175.0,44
123,275.0,44
124,225.0,44
125,175.0,44
126,225.0,44
127,275.0,44
128,325.0,44
129,275.0,44
130,275.0,44
131,325.0,44
132,275.0,44
133,325.0,44
134,425.0,44
135,375.0,44
136,325.0,44
137,275.0,44
138,225.0,44
139,175.0,44
140,125.0,44
141,125.0,44
142,175.0,44
143,75.0,44
144,25.0,44
145,50.0,44
146,50.0,44
147,100.0,44
148,150.0,44
149,100.0,44
150,50.0,44
151,0.0,44
0,400.0,45
1,350.0,45
2,400.0,45
3,350.0,45
4,450.0,45
5,400.0,45
6,450.0,45
7,500.0,45
8,450.0,45
9,550.0,45
10,500.0,45
11,500.0,45
12,550.0,45
13,500.0,45
14,450.0,45
15,400.0,45
16,300.0,45
17,400.0,45
18,350.0,45
19,300.0,45
20,400.0,45
21,450.0,45
22,400.0,45
23,350.0,45
24,300.0,45
25,350.0,45
26,300.0,45
27,250.0,45
28,200.0,45
29,200.0,45
30,150.0,45
31,100.0,45
32,50.0,45
33,0.0,45
0,400.0,46
1,375.0,46
2,325.0,46
3,275.0,46
4,225.0,46
5,175.0,46
6,225.0,46
7,125.0,46
8,25.0,46
9,50.0,46
10,25.0,46
11,50.0,46
12,0.0,46
0,400.0,47
1,300.0,47
2,250.0,47
3,300.0,47
4,300.0,47
5,375.0,47
6,275.0,47
7,275.0,47
8,250.0,47
9,300.0,47
10,250.0,47
11,300.0,47
12,375.0,47
13,275.0,47
14,225.0,47
15,275.0,47
16,325.0,47
17,325.0,47
18,375.0,47
19,350.0,47
20,400.0,47
21,500.0,47
22,500.0,47
23,550.0,47
24,550.0,47
25,525.0,47
26,475.0,47
27,425.0,47
28,375.0,47
29,325.0,47
30,425.0,47
31,375.0,47
32,325.0,47
33,275.0,47
34,225.0,47
35,175.0,47
36,150.0,47
37,100.0,47
38,0.0,47
0,400.0,48
1,350.0,48
2,400.0,48
3,350.0,48
4,400.0,48
5,450.0,48
6,500.0,48
7,550.0,48
8,650.0,48
9,600.0,48
10,550.0,48
11,500.0,48
12,475.0,48
13,450.0,48
14,425.0,48
15,375.0,48
16,425.0,48
17,475.0,48
18,425.0,48
19,375.0,48
20,425.0,48
21,325.0,48
22,300.0,48
23,250.0,48
24,200.0,48
25,150.0,48
26,100.0,48
27,50.0,48
28,0.0,48
0,400.0,49
1,375.0,49
2,375.0,49
3,425.0,49
4,475.0,49
5,425.0,49
6,525.0,49
7,600.0,49
8,550.0,49
9,500.0,49
10,550.0,49
11,600.0,49
12,550.0,49
13,650.0,49
14,650.0,49
15,700.0,49
16,650.0,49
17,725.0,49
18,775.0,49
19,825.0,49
0,400.0,50
1,500.0,50
2,575.0,50
3,625.0,50
4,675.0,50
5,675.0,50
6,725.0,50
7,675.0,50
8,725.0,50
9,775.0,50
10,775.0,50
11,725.0,50
12,675.0,50
13,725.0,50
14,775.0,50
15,825.0,50
0,400.0,51
1,350.0,51
2,300.0,51
3,350.0,51
4,300.0,51
5,300.0,51
6,350.0,51
7,300.0,51
8,350.0,51
9,400.0,51
10,450.0,51
11,400.0,51
12,400.0,51
13,350.0,51
14,400.0,51
15,450.0,51
16,500.0,51
17,550.0,51
18,500.0,51
19,500.0,51
20,550.0,51
21,525.0,51
22,475.0,51
23,425.0,51
24,475.0,51
25,425.0,51
26,475.0,51
27,525.0,51
28,575.0,51
29,625.0,51
30,700.0,51
31,675.0,51
32,625.0,51
33,625.0,51
34,525.0,51
35,475.0,51
36,475.0,51
37,525.0,51
38,575.0,51
39,625.0,51
40,675.0,51
41,725.0,51
42,675.0,51
43,625.0,51
44,675.0,51
45,625.0,51
46,575.0,51
47,625.0,51
48,675.0,51
49,775.0,51
50,725.0,51
51,675.0,51
52,675.0,51
53,625.0,51
54,575.0,51
55,625.0,51
56,575.0,51
57,650.0,51
58,600.0,51
59,650.0,51
60,700.0,51
61,775.0,51
62,750.0,51
63,800.0,51
0,400.0,52
1,450.0,52
2,400.0,52
3,300.0,52
4,250.0,52
5,250.0,52
6,200.0,52
7,250.0,52
8,300.0,52
9,350.0,52
10,325.0,52
11,275.0,52
12,250.0,52
13,200.0,52
14,150.0,52
15,100.0,52
16,150.0,52
17,50.0,52
18,0.0,52
0,400.0,53
1,450.0,53
2,450.0,53
3,500.0,53
4,450.0,53
5,400.0,53
6,375.0,53
7,325.0,53
8,375.0,53
9,275.0,53
10,225.0,53
11,200.0,53
12,250.0,53
13,200.0,53
14,250.0,53
15,250.0,53
16,150.0,53
17,150.0,53
18,200.0,53
19,250.0,53
20,150.0,53
21,100.0,53
22,150.0,53
23,200.0,53
24,200.0,53
25,250.0,53
26,300.0,53
27,350.0,53
28,400.0,53
29,350.0,53
30,300.0,53
31,250.0,53
32,300.0,53
33,350.0,53
34,300.0,53
35,350.0,53
36,350.0,53
37,425.0,53
38,425.0,53
39,475.0,53
40,525.0,53
41,575.0,53
42,525.0,53
43,475.0,53
44,425.0,53
45,375.0,53
46,325.0,53
47,275.0,53
48,225.0,53
49,275.0,53
50,225.0,53
51,300.0,53
52,300.0,53
53,250.0,53
54,325.0,53
55,425.0,53
56,375.0,53
57,350.0,53
58,300.0,53
59,350.0,53
60,300.0,53
61,275.0,53
62,325.0,53
63,275.0,53
64,325.0,53
65,375.0,53
66,475.0,53
67,425.0,53
68,475.0,53
69,425.0,53
70,375.0,53
71,325.0,53
72,275.0,53
73,325.0,53
74,225.0,53
75,275.0,53
76,225.0,53
77,275.0,53
78,225.0,53
79,300.0,53
80,250.0,53
81,300.0,53
82,275.0,53
83,275.0,53
84,225.0,53
85,325.0,53
86,300.0,53
87,250.0,53
88,200.0,53
89,250.0,53
90,350.0,53
91,450.0,53
92,500.0,53
93,450.0,53
94,500.0,53
95,550.0,53
96,500.0,53
97,550.0,53
98,500.0,53
99,550.0,53
100,500.0,53
101,450.0,53
102,400.0,53
103,350.0,53
104,400.0,53
105,500.0,53
106,450.0,53
107,400.0,53
108,350.0,53
109,400.0,53
110,350.0,53
111,300.0,53
112,250.0,53
113,300.0,53
114,325.0,53
115,375.0,53
116,375.0,53
117,450.0,53
118,500.0,53
119,450.0,53
120,400.0,53
121,375.0,53
122,325.0,53
123,275.0,53
124,325.0,53
125,375.0,53
126,325.0,53
127,275.0,53
128,325.0,53
129,275.0,53
130,275.0,53
131,325.0,53
132,275.0,53
133,225.0,53
134,175.0,53
135,125.0,53
136,175.0,53
137,125.0,53
138,175.0,53
139,75.0,53
140,50.0,53
141,0.0,53
0,400.0,54
1,500.0,54
2,450.0,54
3,500.0,54
4,550.0,54
5,450.0,54
6,400.0,54
7,450.0,54
8,450.0,54
9,400.0,54
10,350.0,54
11,300.0,54
12,250.0,54
13,300.0,54
14,400.0,54
15,450.0,54
16,500.0,54
17,450.0,54
18,500.0,54
19,550.0,54
20,625.0,54
21,600.0,54
22,550.0,54
23,500.0,54
24,450.0,54
25,450.0,54
26,425.0,54
27,475.0,54
28,425.0,54
29,325.0,54
30,375.0,54
31,325.0,54
32,325.0,54
33,375.0,54
34,375.0,54
35,375.0,54
36,425.0,54
37,375.0,54
38,325.0,54
39,300.0,54
40,300.0,54
41,250.0,54
42,200.0,54
43,150.0,54
44,200.0,54
45,150.0,54
46,150.0,54
47,200.0,54
48,150.0,54
49,200.0,54
50,150.0,54
51,100.0,54
52,50.0,54
53,0.0,54
0,400.0,55
1,450.0,55
2,400.0,55
3,350.0,55
4,300.0,55
5,250.0,55
6,250.0,55
7,200.0,55
8,200.0,55
9,150.0,55
10,200.0,55
11,150.0,55
12,100.0,55
13,50.0,55
14,100.0,55
15,50.0,55
16,125.0,55
17,100.0,55
18,50.0,55
19,25.0,55
20,0.0,55
0,400.0,56
1,450.0,56
2,525.0,56
3,475.0,56
4,550.0,56
5,600.0,56
6,700.0,56
7,650.0,56
8,625.0,56
9,575.0,56
10,525.0,56
11,475.0,56
12,525.0,56
13,575.0,56
14,625.0,56
15,575.0,56
16,625.0,56
17,575.0,56
18,550.0,56
19,500.0,56
20,450.0,56
21,400.0,56
22,325.0,56
23,275.0,56
24,225.0,56
25,175.0,56
26,125.0,56
27,75.0,56
28,150.0,56
29,250.0,56
30,300.0,56
31,250.0,56
32,250.0,56
33,300.0,56
34,350.0,56
35,400.0,56
36,350.0,56
37,300.0,56
38,350.0,56
39,350.0,56
40,400.0,56
41,500.0,56
42,550.0,56
43,500.0,56
44,550.0,56
45,600.0,56
46,650.0,56
47,600.0,56
48,600.0,56
49,650.0,56
50,700.0,56
51,750.0,56
52,800.0,56
0,400.0,57
1,375.0,57
2,350.0,57
3,250.0,57
4,200.0,57
5,150.0,57
6,150.0,57
7,200.0,57
8,150.0,57
9,150.0,57
10,100.0,57
11,50.0,57
12,0.0,57
0,400.0,58
1,450.0,58
2,400.0,58
3,450.0,58
4,500.0,58
5,450.0,58
6,500.0,58
7,550.0,58
8,500.0,58
9,500.0,58
10,550.0,58
11,500.0,58
12,400.0,58
13,450.0,58
14,500.0,58
15,450.0,58
16,400.0,58
17,450.0,58
18,450.0,58
19,400.0,58
20,450.0,58
21,425.0,58
22,375.0,58
23,325.0,58
24,275.0,58
25,325.0,58
26,325.0,58
27,375.0,58
28,425.0,58
29,375.0,58
30,425.0,58
31,325.0,58
32,375.0,58
33,425.0,58
34,525.0,58
35,575.0,58
36,675.0,58
37,750.0,58
38,700.0,58
39,650.0,58
40,600.0,58
41,650.0,58
42,700.0,58
43,650.0,58
44,500.0,58
45,550.0,58
46,500.0,58
47,450.0,58
48,450.0,58
49,500.0,58
50,550.0,58
51,650.0,58
52,600.0,58
53,500.0,58
54,550.0,58
55,450.0,58
56,500.0,58
57,475.0,58
58,475.0,58
59,525.0,58
60,475.0,58
61,475.0,58
62,425.0,58
63,475.0,58
64,425.0,58
65,525.0,58
66,500.0,58
67,500.0,58
68,475.0,58
69,425.0,58
70,475.0,58
71,425.0,58
72,375.0,58
73,325.0,58
74,325.0,58
75,275.0,58
76,325.0,58
77,225.0,58
78,125.0,58
79,175.0,58
80,275.0,58
81,275.0,58
82,375.0,58
83,350.0,58
84,250.0,58
85,200.0,58
86,300.0,58
87,350.0,58
88,400.0,58
89,650.0,58
90,600.0,58
91,650.0,58
92,700.0,58
93,650.0,58
94,700.0,58
95,775.0,58
96,825.0,58
0,400.0,59
1,450.0,59
2,500.0,59
3,450.0,59
4,400.0,59
5,350.0,59
6,300.0,59
7,350.0,59
8,450.0,59
9,550.0,59
10,600.0,59
11,550.0,59
12,500.0,59
13,475.0,59
14,425.0,59
15,475.0,59
16,425.0,59
17,375.0,59
18,325.0,59
19,275.0,59
20,325.0,59
21,275.0,59
22,225.0,59
23,175.0,59
24,225.0,59
25,325.0,59
26,375.0,59
27,425.0,59
28,375.0,59
29,425.0,59
30,475.0,59
31,525.0,59
32,575.0,59
33,625.0,59
34,675.0,59
35,725.0,59
36,775.0,59
37,875.0,59
0,400.0,60
1,350.0,60
2,400.0,60
3,450.0,60
4,425.0,60
5,425.0,60
6,375.0,60
7,325.0,60
8,325.0,60
9,275.0,60
10,225.0,60
11,125.0,60
12,175.0,60
13,175.0,60
14,150.0,60
15,50.0,60
16,0.0,60
0,400.0,61
1,350.0,61
2,400.0,61
3,450.0,61
4,500.0,61
5,475.0,61
6,525.0,61
7,500.0,61
8,575.0,61
9,675.0,61
10,625.0,61
11,700.0,61
12,750.0,61
13,650.0,61
14,600.0,61
15,650.0,61
16,725.0,61
17,775.0,61
18,675.0,61
19,725.0,61
20,675.0,61
21,625.0,61
22,700.0,61
23,675.0,61
24,775.0,61
25,725.0,61
26,625.0,61
27,675.0,61
28,650.0,61
29,600.0,61
30,650.0,61
31,650.0,61
32,600.0,61
33,550.0,61
34,600.0,61
35,550.0,61
36,500.0,61
37,450.0,61
38,500.0,61
39,600.0,61
40,650.0,61
41,550.0,61
42,500.0,61
43,450.0,61
44,350.0,61
45,350.0,61
46,300.0,61
47,250.0,61
48,350.0,61
49,300.0,61
50,250.0,61
51,200.0,61
52,250.0,61
53,200.0,61
54,150.0,61
55,100.0,61
56,50.0,61
57,0.0,61
0,400.0,62
1,350.0,62
2,400.0,62
3,450.0,62
4,550.0,62
5,600.0,62
6,550.0,62
7,600.0,62
8,500.0,62
9,450.0,62
10,500.0,62
11,450.0,62
12,400.0,62
13,450.0,62
14,400.0,62
15,400.0,62
16,500.0,62
17,550.0,62
18,600.0,62
19,575.0,62
20,525.0,62
21,475.0,62
22,425.0,62
23,375.0,62
24,325.0,62
25,400.0,62
26,400.0,62
27,450.0,62
28,400.0,62
29,375.0,62
30,425.0,62
31,375.0,62
32,325.0,62
33,425.0,62
34,375.0,62
35,325.0,62
36,225.0,62
37,175.0,62
38,225.0,62
39,175.0,62
40,75.0,62
41,125.0,62
42,75.0,62
43,25.0,62
44,50.0,62
45,0.0,62
0,400.0,63
1,475.0,63
2,425.0,63
3,375.0,63
4,325.0,63
5,375.0,63
6,425.0,63
7,375.0,63
8,325.0,63
9,400.0,63
10,350.0,63
11,450.0,63
12,500.0,63
13,500.0,63
14,550.0,63
15,650.0,63
16,600.0,63
17,550.0,63
18,600.0,63
19,550.0,63
20,650.0,63
21,625.0,63
22,675.0,63
23,725.0,63
24,675.0,63
25,625.0,63
26,525.0,63
27,575.0,63
28,675.0,63
29,775.0,63
30,725.0,63
31,775.0,63
32,825.0,63
0,400.0,64
1,450.0,64
2,400.0,64
3,350.0,64
4,325.0,64
5,400.0,64
6,450.0,64
7,400.0,64
8,300.0,64
9,250.0,64
10,200.0,64
11,250.0,64
12,200.0,64
13,150.0,64
14,200.0,64
15,250.0,64
16,150.0,64
17,100.0,64
18,150.0,64
19,100.0,64
20,50.0,64
21,100.0,64
22,150.0,64
23,50.0,64
24,0.0,64
0,400.0,65
1,350.0,65
2,300.0,65
3,250.0,65
4,225.0,65
5,125.0,65
6,75.0,65
7,125.0,65
8,175.0,65
9,125.0,65
10,125.0,65
11,75.0,65
12,125.0,65
13,175.0,65
14,125.0,65
15,175.0,65
16,225.0,65
17,175.0,65
18,125.0,65
19,75.0,65
20,125.0,65
21,75.0,65
22,50.0,65
23,0.0,65
0,400.0,66
1,350.0,66
2,400.0,66
3,450.0,66
4,350.0,66
5,300.0,66
6,300.0,66
7,350.0,66
8,400.0,66
9,500.0,66
10,550.0,66
11,500.0,66
12,500.0,66
13,550.0,66
14,500.0,66
15,550.0,66
16,600.0,66
17,500.0,66
18,550.0,66
19,450.0,66
20,450.0,66
21,400.0,66
22,350.0,66
23,400.0,66
24,350.0,66
25,300.0,66
26,350.0,66
27,250.0,66
28,150.0,66
29,125.0,66
30,200.0,66
31,250.0,66
32,300.0,66
33,250.0,66
34,225.0,66
35,175.0,66
36,125.0,66
37,175.0,66
38,175.0,66
39,125.0,66
40,175.0,66
41,150.0,66
42,100.0,66
43,50.0,66
44,0.0,66
0,400.0,67
1,450.0,67
2,400.0,67
3,350.0,67
4,300.0,67
5,250.0,67
6,300.0,67
7,350.0,67
8,450.0,67
9,400.0,67
10,450.0,67
11,400.0,67
12,450.0,67
13,500.0,67
14,500.0,67
15,500.0,67
16,450.0,67
17,400.0,67
18,450.0,67
19,400.0,67
20,450.0,67
21,500.0,67
22,450.0,67
23,500.0,67
24,400.0,67
25,400.0,67
26,500.0,67
27,450.0,67
28,400.0,67
29,400.0,67
30,450.0,67
31,400.0,67
32,300.0,67
33,250.0,67
34,300.0,67
35,350.0,67
36,300.0,67
37,250.0,67
38,250.0,67
39,300.0,67
40,250.0,67
41,250.0,67
42,200.0,67
43,150.0,67
44,200.0,67
45,150.0,67
46,100.0,67
47,50.0,67
48,100.0,67
49,150.0,67
50,50.0,67
51,0.0,67
0,400.0,68
1,350.0,68
2,450.0,68
3,400.0,68
4,475.0,68
5,575.0,68
6,525.0,68
7,475.0,68
8,525.0,68
9,575.0,68
10,625.0,68
11,600.0,68
12,675.0,68
13,650.0,68
14,600.0,68
15,550.0,68
16,500.0,68
17,450.0,68
18,425.0,68
19,475.0,68
20,450.0,68
21,400.0,68
22,450.0,68
23,500.0,68
24,650.0,68
25,700.0,68
26,650.0,68
27,550.0,68
28,500.0,68
29,475.0,68
30,450.0,68
31,550.0,68
32,600.0,68
33,500.0,68
34,450.0,68
35,400.0,68
36,450.0,68
37,400.0,68
38,450.0,68
39,450.0,68
40,400.0,68
41,350.0,68
42,300.0,68
43,200.0,68
44,250.0,68
45,200.0,68
46,175.0,68
47,175.0,68
48,125.0,68
49,225.0,68
50,275.0,68
51,325.0,68
52,275.0,68
53,275.0,68
54,225.0,68
55,175.0,68
56,125.0,68
57,125.0,68
58,225.0,68
59,225.0,68
60,175.0,68
61,275.0,68
62,225.0,68
63,175.0,68
64,225.0,68
65,175.0,68
66,225.0,68
67,225.0,68
68,175.0,68
69,225.0,68
70,275.0,68
71,325.0,68
72,325.0,68
73,375.0,68
74,425.0,68
75,375.0,68
76,425.0,68
77,325.0,68
78,275.0,68
79,225.0,68
80,275.0,68
81,225.0,68
82,125.0,68
83,175.0,68
84,125.0,68
85,25.0,68
86,25.0,68
87,62.5,68
88,12.5,68
89,0.0,68
0,400.0,69
1,350.0,69
2,325.0,69
3,375.0,69
4,525.0,69
5,425.0,69
6,375.0,69
7,325.0,69
8,275.0,69
9,225.0,69
10,300.0,69
11,300.0,69
12,350.0,69
13,425.0,69
14,375.0,69
15,425.0,69
16,400.0,69
17,350.0,69
18,400.0,69
19,350.0,69
20,350.0,69
21,300.0,69
22,350.0,69
23,400.0,69
24,450.0,69
25,400.0,69
26,450.0,69
27,400.0,69
28,450.0,69
29,425.0,69
30,375.0,69
31,425.0,69
32,375.0,69
33,425.0,69
34,475.0,69
35,475.0,69
36,525.0,69
37,475.0,69
38,425.0,69
39,375.0,69
40,325.0,69
41,375.0,69
42,425.0,69
43,375.0,69
44,325.0,69
45,275.0,69
46,375.0,69
47,275.0,69
48,275.0,69
49,225.0,69
50,175.0,69
51,150.0,69
52,200.0,69
53,250.0,69
54,200.0,69
55,200.0,69
56,300.0,69
57,400.0,69
58,350.0,69
59,400.0,69
60,500.0,69
61,450.0,69
62,400.0,69
63,375.0,69
64,425.0,69
65,575.0,69
66,625.0,69
67,675.0,69
68,650.0,69
69,650.0,69
70,600.0,69
71,550.0,69
72,600.0,69
73,700.0,69
74,750.0,69
75,800.0,69
0,400.0,70
1,450.0,70
2,450.0,70
3,450.0,70
4,500.0,70
5,550.0,70
6,550.0,70
7,600.0,70
8,550.0,70
9,550.0,70
10,500.0,70
11,550.0,70
12,650.0,70
13,625.0,70
14,575.0,70
15,625.0,70
16,725.0,70
17,725.0,70
18,775.0,70
19,725.0,70
20,775.0,70
21,825.0,70
0,400.0,71
1,400.0,71
2,475.0,71
3,525.0,71
4,575.0,71
5,625.0,71
6,575.0,71
7,625.0,71
8,675.0,71
9,725.0,71
10,775.0,71
11,675.0,71
12,625.0,71
13,725.0,71
14,675.0,71
15,725.0,71
16,625.0,71
17,575.0,71
18,625.0,71
19,675.0,71
20,575.0,71
21,725.0,71
22,775.0,71
23,725.0,71
24,675.0,71
25,725.0,71
26,775.0,71
27,725.0,71
28,675.0,71
29,675.0,71
30,725.0,71
31,675.0,71
32,675.0,71
33,725.0,71
34,675.0,71
35,650.0,71
36,700.0,71
37,750.0,71
38,850.0,71
0,400.0,72
1,350.0,72
2,450.0,72
3,400.0,72
4,450.0,72
5,250.0,72
6,225.0,72
7,175.0,72
8,175.0,72
9,150.0,72
10,100.0,72
11,0.0,72
0,400.0,73
1,450.0,73
2,500.0,73
3,450.0,73
4,500.0,73
5,450.0,73
6,350.0,73
7,425.0,73
8,425.0,73
9,475.0,73
10,575.0,73
11,625.0,73
12,625.0,73
13,725.0,73
14,775.0,73
15,875.0,73
0,400.0,74
1,350.0,74
2,450.0,74
3,525.0,74
4,625.0,74
5,675.0,74
6,625.0,74
7,675.0,74
8,650.0,74
9,700.0,74
10,650.0,74
11,700.0,74
12,650.0,74
13,600.0,74
14,650.0,74
15,600.0,74
16,600.0,74
17,650.0,74
18,700.0,74
19,750.0,74
20,700.0,74
21,750.0,74
22,800.0,74
0,400.0,75
1,350.0,75
2,350.0,75
3,325.0,75
4,375.0,75
5,325.0,75
6,275.0,75
7,225.0,75
8,175.0,75
9,225.0,75
10,175.0,75
11,225.0,75
12,175.0,75
13,125.0,75
14,75.0,75
15,25.0,75
16,50.0,75
17,100.0,75
18,0.0,75
0,400.0,76
1,450.0,76
2,500.0,76
3,450.0,76
4,500.0,76
5,600.0,76
6,600.0,76
7,550.0,76
8,500.0,76
9,550.0,76
10,600.0,76
11,550.0,76
12,550.0,76
13,525.0,76
14,575.0,76
15,525.0,76
16,575.0,76
17,625.0,76
18,675.0,76
19,625.0,76
20,575.0,76
21,475.0,76
22,450.0,76
23,400.0,76
24,350.0,76
25,400.0,76
26,300.0,76
27,250.0,76
28,150.0,76
29,100.0,76
30,50.0,76
31,0.0,76
0,400.0,77
1,350.0,77
2,400.0,77
3,400.0,77
4,350.0,77
5,200.0,77
6,150.0,77
7,100.0,77
8,50.0,77
9,0.0,77
0,400.0,78
1,450.0,78
2,400.0,78
3,350.0,78
4,350.0,78
5,350.0,78
6,400.0,78
7,375.0,78
8,275.0,78
9,225.0,78
10,225.0,78
11,125.0,78
12,175.0,78
13,225.0,78
14,175.0,78
15,225.0,78
16,275.0,78
17,325.0,78
18,275.0,78
19,325.0,78
20,375.0,78
21,350.0,78
22,325.0,78
23,275.0,78
24,325.0,78
25,375.0,78
26,425.0,78
27,475.0,78
28,525.0,78
29,475.0,78
30,425.0,78
31,475.0,78
32,375.0,78
33,325.0,78
34,275.0,78
35,175.0,78
36,225.0,78
37,225.0,78
38,275.0,78
39,225.0,78
40,275.0,78
41,225.0,78
42,275.0,78
43,225.0,78
44,125.0,78
45,175.0,78
46,225.0,78
47,200.0,78
48,175.0,78
49,125.0,78
50,175.0,78
51,125.0,78
52,75.0,78
53,25.0,78
54,0.0,78
0,400.0,79
1,350.0,79
2,300.0,79
3,250.0,79
4,250.0,79
5,225.0,79
6,200.0,79
7,200.0,79
8,150.0,79
9,200.0,79
10,150.0,79
11,100.0,79
12,50.0,79
13,100.0,79
14,50.0,79
15,0.0,79
0,400.0,80
1,350.0,80
2,300.0,80
3,250.0,80
4,250.0,80
5,350.0,80
6,350.0,80
7,300.0,80
8,250.0,80
9,300.0,80
10,350.0,80
11,300.0,80
12,400.0,80
13,350.0,80
14,400.0,80
15,450.0,80
16,525.0,80
17,575.0,80
18,525.0,80
19,500.0,80
20,400.0,80
21,450.0,80
22,400.0,80
23,350.0,80
24,400.0,80
25,450.0,80
26,500.0,80
27,550.0,80
28,650.0,80
29,600.0,80
30,650.0,80
31,600.0,80
32,550.0,80
33,650.0,80
34,700.0,80
35,675.0,80
36,625.0,80
37,625.0,80
38,575.0,80
39,525.0,80
40,475.0,80
41,425.0,80
42,475.0,80
43,550.0,80
44,600.0,80
45,600.0,80
46,550.0,80
47,450.0,80
48,400.0,80
49,350.0,80
50,400.0,80
51,350.0,80
52,400.0,80
53,350.0,80
54,450.0,80
55,400.0,80
56,375.0,80
57,350.0,80
58,300.0,80
59,300.0,80
60,350.0,80
61,300.0,80
62,250.0,80
63,150.0,80
64,250.0,80
65,200.0,80
66,150.0,80
67,200.0,80
68,250.0,80
69,350.0,80
70,400.0,80
71,450.0,80
72,425.0,80
73,475.0,80
74,525.0,80
75,475.0,80
76,425.0,80
77,475.0,80
78,450.0,80
79,425.0,80
80,400.0,80
81,350.0,80
82,400.0,80
83,400.0,80
84,350.0,80
85,300.0,80
86,250.0,80
87,150.0,80
88,200.0,80
89,250.0,80
90,300.0,80
91,350.0,80
92,350.0,80
93,325.0,80
94,375.0,80
95,425.0,80
96,525.0,80
97,575.0,80
98,625.0,80
99,725.0,80
100,675.0,80
101,625.0,80
102,675.0,80
103,725.0,80
104,675.0,80
105,725.0,80
106,775.0,80
107,825.0,80
0,400.0,81
1,450.0,81
2,350.0,81
3,300.0,81
4,350.0,81
5,250.0,81
6,200.0,81
7,150.0,81
8,100.0,81
9,50.0,81
10,0.0,81
0,400.0,82
1,450.0,82
2,500.0,82
3,300.0,82
4,250.0,82
5,200.0,82
6,150.0,82
7,100.0,82
8,0.0,82
0,400.0,83
1,450.0,83
2,550.0,83
3,525.0,83
4,525.0,83
5,625.0,83
6,675.0,83
7,675.0,83
8,575.0,83
9,525.0,83
10,575.0,83
11,525.0,83
12,475.0,83
13,525.0,83
14,475.0,83
15,425.0,83
16,475.0,83
17,525.0,83
18,575.0,83
19,625.0,83
20,575.0,83
21,575.0,83
22,675.0,83
23,625.0,83
24,575.0,83
25,625.0,83
26,675.0,83
27,725.0,83
28,700.0,83
29,750.0,83
30,750.0,83
31,800.0,83
0,400.0,84
1,375.0,84
2,325.0,84
3,275.0,84
4,225.0,84
5,225.0,84
6,175.0,84
7,150.0,84
8,200.0,84
9,250.0,84
10,350.0,84
11,400.0,84
12,350.0,84
13,200.0,84
14,250.0,84
15,200.0,84
16,250.0,84
17,350.0,84
18,400.0,84
19,475.0,84
20,475.0,84
21,525.0,84
22,475.0,84
23,425.0,84
24,475.0,84
25,375.0,84
26,475.0,84
27,425.0,84
28,475.0,84
29,575.0,84
30,525.0,84
31,475.0,84
32,475.0,84
33,525.0,84
34,575.0,84
35,525.0,84
36,425.0,84
37,475.0,84
38,550.0,84
39,600.0,84
40,550.0,84
41,600.0,84
42,650.0,84
43,700.0,84
44,550.0,84
45,525.0,84
46,575.0,84
47,675.0,84
48,625.0,84
49,675.0,84
50,725.0,84
51,725.0,84
52,675.0,84
53,725.0,84
54,675.0,84
55,625.0,84
56,625.0,84
57,675.0,84
58,725.0,84
59,775.0,84
60,750.0,84
61,650.0,84
62,700.0,84
63,650.0,84
64,600.0,84
65,550.0,84
66,500.0,84
67,575.0,84
68,625.0,84
69,575.0,84
70,525.0,84
71,500.0,84
72,450.0,84
73,500.0,84
74,450.0,84
75,525.0,84
76,575.0,84
77,675.0,84
78,625.0,84
79,675.0,84
80,625.0,84
81,675.0,84
82,625.0,84
83,675.0,84
84,775.0,84
85,875.0,84
0,400.0,85
1,350.0,85
2,300.0,85
3,200.0,85
4,225.0,85
5,175.0,85
6,225.0,85
7,275.0,85
8,325.0,85
9,375.0,85
10,325.0,85
11,275.0,85
12,375.0,85
13,325.0,85
14,275.0,85
15,225.0,85
16,175.0,85
17,225.0,85
18,175.0,85
19,225.0,85
20,175.0,85
21,125.0,85
22,25.0,85
23,0.0,85
0,400.0,86
1,375.0,86
2,325.0,86
3,275.0,86
4,225.0,86
5,175.0,86
6,125.0,86
7,125.0,86
8,175.0,86
9,125.0,86
10,200.0,86
11,250.0,86
12,300.0,86
13,300.0,86
14,350.0,86
15,400.0,86
16,450.0,86
17,500.0,86
18,450.0,86
19,550.0,86
20,600.0,86
21,700.0,86
22,700.0,86
23,650.0,86
24,600.0,86
25,575.0,86
26,525.0,86
27,575.0,86
28,675.0,86
29,725.0,86
30,675.0,86
31,725.0,86
32,800.0,86
0,400.0,87
1,450.0,87
2,500.0,87
3,550.0,87
4,600.0,87
5,550.0,87
6,625.0,87
7,575.0,87
8,525.0,87
9,475.0,87
10,475.0,87
11,425.0,87
12,425.0,87
13,500.0,87
14,575.0,87
15,625.0,87
16,600.0,87
17,650.0,87
18,600.0,87
19,700.0,87
20,650.0,87
21,550.0,87
22,450.0,87
23,550.0,87
24,600.0,87
25,550.0,87
26,650.0,87
27,600.0,87
28,500.0,87
29,500.0,87
30,550.0,87
31,550.0,87
32,500.0,87
33,550.0,87
34,550.0,87
35,500.0,87
36,550.0,87
37,600.0,87
38,650.0,87
39,700.0,87
40,750.0,87
41,850.0,87
0,400.0,88
1,450.0,88
2,500.0,88
3,550.0,88
4,500.0,88
5,550.0,88
6,600.0,88
7,650.0,88
8,700.0,88
9,650.0,88
10,700.0,88
11,650.0,88
12,700.0,88
13,750.0,88
14,800.0,88
0,400.0,89
1,350.0,89
2,350.0,89
3,300.0,89
4,350.0,89
5,300.0,89
6,350.0,89
7,300.0,89
8,250.0,89
9,300.0,89
10,300.0,89
11,350.0,89
12,400.0,89
13,350.0,89
14,400.0,89
15,450.0,89
16,550.0,89
17,600.0,89
18,550.0,89
19,500.0,89
20,600.0,89
21,650.0,89
22,550.0,89
23,450.0,89
24,500.0,89
25,500.0,89
26,550.0,89
27,500.0,89
28,550.0,89
29,625.0,89
30,675.0,89
31,725.0,89
32,675.0,89
33,725.0,89
34,675.0,89
35,625.0,89
36,575.0,89
37,625.0,89
38,575.0,89
39,675.0,89
40,625.0,89
41,575.0,89
42,625.0,89
43,600.0,89
44,500.0,89
45,450.0,89
46,400.0,89
47,450.0,89
48,450.0,89
49,500.0,89
50,550.0,89
51,500.0,89
52,500.0,89
53,600.0,89
54,550.0,89
55,500.0,89
56,450.0,89
57,400.0,89
58,500.0,89
59,500.0,89
60,450.0,89
61,500.0,89
62,475.0,89
63,525.0,89
64,475.0,89
65,425.0,89
66,375.0,89
67,325.0,89
68,275.0,89
69,225.0,89
70,175.0,89
71,125.0,89
72,175.0,89
73,125.0,89
74,175.0,89
75,125.0,89
76,25.0,89
77,0.0,89
0,400.0,90
1,350.0,90
2,400.0,90
3,350.0,90
4,450.0,90
5,450.0,90
6,500.0,90
7,550.0,90
8,600.0,90
9,550.0,90
10,450.0,90
11,500.0,90
12,450.0,90
13,450.0,90
14,500.0,90
15,450.0,90
16,400.0,90
17,375.0,90
18,425.0,90
19,475.0,90
20,425.0,90
21,375.0,90
22,425.0,90
23,375.0,90
24,325.0,90
25,425.0,90
26,375.0,90
27,425.0,90
28,375.0,90
29,325.0,90
30,275.0,90
31,325.0,90
32,375.0,90
33,375.0,90
34,325.0,90
35,325.0,90
36,275.0,90
37,375.0,90
38,325.0,90
39,275.0,90
40,225.0,90
41,275.0,90
42,325.0,90
43,275.0,90
44,325.0,90
45,275.0,90
46,375.0,90
47,325.0,90
48,275.0,90
49,225.0,90
50,175.0,90
51,125.0,90
52,125.0,90
53,175.0,90
54,225.0,90
55,325.0,90
56,275.0,90
57,275.0,90
58,325.0,90
59,375.0,90
60,275.0,90
61,175.0,90
62,75.0,90
63,25.0,90
64,0.0,90
0,400.0,91
1,450.0,91
2,450.0,91
3,400.0,91
4,450.0,91
5,400.0,91
6,350.0,91
7,400.0,91
8,500.0,91
9,450.0,91
10,350.0,91
11,400.0,91
12,400.0,91
13,450.0,91
14,500.0,91
15,550.0,91
16,500.0,91
17,600.0,91
18,575.0,91
19,675.0,91
20,650.0,91
21,650.0,91
22,600.0,91
23,650.0,91
24,600.0,91
25,550.0,91
26,600.0,91
27,550.0,91
28,500.0,91
29,450.0,91
30,400.0,91
31,450.0,91
32,400.0,91
33,500.0,91
34,450.0,91
35,500.0,91
36,500.0,91
37,450.0,91
38,400.0,91
39,375.0,91
40,425.0,91
41,375.0,91
42,375.0,91
43,325.0,91
44,275.0,91
45,175.0,91
46,275.0,91
47,325.0,91
48,225.0,91
49,275.0,91
50,225.0,91
51,275.0,91
52,225.0,91
53,200.0,91
54,250.0,91
55,300.0,91
56,350.0,91
57,400.0,91
58,375.0,91
59,325.0,91
60,375.0,91
61,425.0,91
62,475.0,91
63,525.0,91
64,475.0,91
65,475.0,91
66,575.0,91
67,625.0,91
68,525.0,91
69,475.0,91
70,425.0,91
71,475.0,91
72,425.0,91
73,375.0,91
74,375.0,91
75,375.0,91
76,325.0,91
77,225.0,91
78,175.0,91
79,225.0,91
80,300.0,91
81,200.0,91
82,150.0,91
83,100.0,91
84,50.0,91
85,0.0,91
0,400.0,92
1,350.0,92
2,300.0,92
3,350.0,92
4,200.0,92
5,150.0,92
6,200.0,92
7,250.0,92
8,300.0,92
9,200.0,92
10,250.0,92
11,300.0,92
12,250.0,92
13,200.0,92
14,250.0,92
15,150.0,92
16,125.0,92
17,175.0,92
18,125.0,92
19,75.0,92
20,25.0,92
21,50.0,92
22,0.0,92
0,400.0,93
1,450.0,93
2,425.0,93
3,375.0,93
4,425.0,93
5,375.0,93
6,375.0,93
7,425.0,93
8,500.0,93
9,500.0,93
10,550.0,93
11,500.0,93
12,550.0,93
13,500.0,93
14,550.0,93
15,450.0,93
16,425.0,93
17,475.0,93
18,375.0,93
19,325.0,93
20,375.0,93
21,475.0,93
22,525.0,93
23,500.0,93
24,450.0,93
25,400.0,93
26,475.0,93
27,425.0,93
28,375.0,93
29,325.0,93
30,375.0,93
31,425.0,93
32,375.0,93
33,475.0,93
34,425.0,93
35,400.0,93
36,350.0,93
37,450.0,93
38,400.0,93
39,350.0,93
40,300.0,93
41,250.0,93
42,200.0,93
43,150.0,93
44,100.0,93
45,150.0,93
46,100.0,93
47,150.0,93
48,100.0,93
49,150.0,93
50,125.0,93
51,175.0,93
52,250.0,93
53,300.0,93
54,300.0,93
55,250.0,93
56,200.0,93
57,150.0,93
58,100.0,93
59,50.0,93
60,0.0,93
0,400.0,94
1,350.0,94
2,300.0,94
3,350.0,94
4,450.0,94
5,500.0,94
6,450.0,94
7,425.0,94
8,475.0,94
9,425.0,94
10,375.0,94
11,425.0,94
12,375.0,94
13,325.0,94
14,300.0,94
15,250.0,94
16,150.0,94
17,50.0,94
18,0.0,94
0,400.0,95
1,350.0,95
2,300.0,95
3,350.0,95
4,300.0,95
5,250.0,95
6,200.0,95
7,300.0,95
8,275.0,95
9,225.0,95
10,325.0,95
11,275.0,95
12,375.0,95
13,325.0,95
14,375.0,95
15,475.0,95
16,525.0,95
17,525.0,95
18,475.0,95
19,575.0,95
20,525.0,95
21,475.0,95
22,425.0,95
23,475.0,95
24,475.0,95
25,525.0,95
26,475.0,95
27,525.0,95
28,575.0,95
29,625.0,95
30,625.0,95
31,675.0,95
32,625.0,95
33,600.0,95
34,550.0,95
35,550.0,95
36,500.0,95
37,450.0,95
38,525.0,95
39,500.0,95
40,550.0,95
41,600.0,95
42,650.0,95
43,700.0,95
44,600.0,95
45,550.0,95
46,600.0,95
47,650.0,95
48,600.0,95
49,650.0,95
50,600.0,95
51,650.0,95
52,600.0,95
53,550.0,95
54,550.0,95
55,600.0,95
56,550.0,95
57,500.0,95
58,600.0,95
59,650.0,95
60,650.0,95
61,700.0,95
62,750.0,95
63,800.0,95
0,400.0,96
1,450.0,96
2,450.0,96
3,500.0,96
4,450.0,96
5,350.0,96
6,400.0,96
7,350.0,96
8,300.0,96
9,250.0,96
10,300.0,96
11,350.0,96
12,400.0,96
13,450.0,96
14,500.0,96
15,475.0,96
16,525.0,96
17,425.0,96
18,375.0,96
19,350.0,96
20,325.0,96
21,275.0,96
22,325.0,96
23,275.0,96
24,350.0,96
25,500.0,96
26,450.0,96
27,500.0,96
28,475.0,96
29,575.0,96
30,625.0,96
31,725.0,96
32,775.0,96
33,825.0,96
0,400.0,97
1,350.0,97
2,400.0,97
3,450.0,97
4,400.0,97
5,450.0,97
6,400.0,97
7,450.0,97
8,500.0,97
9,550.0,97
10,600.0,97
11,650.0,97
12,750.0,97
13,700.0,97
14,750.0,97
15,650.0,97
16,700.0,97
17,650.0,97
18,725.0,97
19,675.0,97
20,725.0,97
21,675.0,97
22,675.0,97
23,725.0,97
24,775.0,97
25,750.0,97
26,850.0,97
0,400.0,98
1,300.0,98
2,250.0,98
3,200.0,98
4,150.0,98
5,100.0,98
6,50.0,98
7,100.0,98
8,50.0,98
9,0.0,98
0,400.0,99
1,450.0,99
2,500.0,99
3,475.0,99
4,425.0,99
5,525.0,99
6,475.0,99
7,525.0,99
8,475.0,99
9,450.0,99
10,500.0,99
11,450.0,99
12,400.0,99
13,350.0,99
14,400.0,99
15,400.0,99
16,400.0,99
17,450.0,99
18,500.0,99
19,475.0,99
20,525.0,99
21,575.0,99
22,625.0,99
23,575.0,99
24,525.0,99
25,600.0,99
26,550.0,99
27,600.0,99
28,550.0,99
29,650.0,99
30,600.0,99
31,550.0,99
32,600.0,99
33,550.0,99
34,500.0,99
35,550.0,99
36,600.0,99
37,675.0,99
38,725.0,99
39,675.0,99
40,725.0,99
41,775.0,99
42,725.0,99
43,775.0,99
44,825.0,99
0,400.0,100
1,500.0,100
2,450.0,100
3,400.0,100
4,350.0,100
5,350.0,100
6,325.0,100
7,275.0,100
8,175.0,100
9,225.0,100
10,200.0,100
11,175.0,100
12,175.0,100
13,125.0,100
14,125.0,100
15,175.0,100
16,125.0,100
17,175.0,100
18,225.0,100
19,175.0,100
20,275.0,100
21,225.0,100
22,275.0,100
23,225.0,100
24,175.0,100
25,250.0,100
26,200.0,100
27,300.0,100
28,250.0,100
29,200.0,100
30,150.0,100
31,0.0,100
